{
  "Black": {
    "precision": 0.7563025210084033,
    "recall": 0.9,
    "f1-score": 0.821917808219178,
    "support": 100.0
  },
  "Brown": {
    "precision": 0.7368421052631579,
    "recall": 0.7,
    "f1-score": 0.717948717948718,
    "support": 100.0
  },
  "White": {
    "precision": 0.9302325581395349,
    "recall": 0.8,
    "f1-score": 0.8602150537634409,
    "support": 100.0
  },
  "accuracy": 0.8,
  "macro avg": {
    "precision": 0.8077923948036987,
    "recall": 0.8000000000000002,
    "f1-score": 0.8000271933104456,
    "support": 300.0
  },
  "weighted avg": {
    "precision": 0.8077923948036986,
    "recall": 0.8,
    "f1-score": 0.8000271933104457,
    "support": 300.0
  }
}