{
  "train_acc": [
    0.6491666666666667,
    0.7625,
    0.8166666666666667,
    0.87,
    0.9266666666666666
  ],
  "val_acc": [
    0.71,
    0.77,
    0.8033333333333333,
    0.7966666666666666,
    0.8
  ],
  "train_loss": [
    0.8119514834880829,
    0.5650196115175883,
    0.43218598286310833,
    0.3215725708007813,
    0.2079672940572103
  ],
  "val_loss": [
    0.6323721051216126,
    0.5659538491566976,
    0.46207823713620505,
    0.5176148398717244,
    0.47162959337234495
  ]
}